text,tag,hash,file,berttag
Anf. 4 ADAM MARTTINEN (SD),0,,/content/corpus/protocols/202021/prot-202021--8.xml,1
Anf. 54 Statsrådet INGEGERD WÄRNERS-,0,,/content/corpus/protocols/200001/prot-200001--113.xml,1
Anf. 20 ALI ESBATI (V),0,,/content/corpus/protocols/201415/prot-201415--19.xml,1
Statsrådet fru MYRDAL:,0,3aa013d5,/content/corpus/protocols/1970/prot-1970--ak--9.xml,1
Anf. 65 MATS BERGLUND (MP) replik,0,,/content/corpus/protocols/201819/prot-201819--74.xml,1
Anf. 55 CARINA ADOLFSSON ELGES-,0,,/content/corpus/protocols/200102/prot-200102--18.xml,1
Anf. 35 Statsrådet ANDERS YGEMAN (S),0,,/content/corpus/protocols/201617/prot-201617--57.xml,1
Anf. 25 CHRISTINA HÖJ LARSEN (V),0,,/content/corpus/protocols/202021/prot-202021--47.xml,1
Anf. 143 KRISTINA YNGWE (C) replik,0,,/content/corpus/protocols/201617/prot-201617--46.xml,1
1982/83:,1,30837f99,/content/corpus/protocols/198283/prot-198283--107.xml,0
Anf. 57 JUNO BLOM (L) replik,0,,/content/corpus/protocols/201920/prot-201920--64.xml,1
Anf. 84 STEN BERGHEDEN (M),0,,/content/corpus/protocols/202021/prot-202021--133.xml,1
Anf. 148 GUNILLA CARLSSON i Hisings Backa (S) replik:,0,,/content/corpus/protocols/201213/prot-201213--78.xml,1
Anf. 204 ISAK FROM (S) replik,0,,/content/corpus/protocols/202021/prot-202021--51.xml,1
Anf. 90 Statsrådet ANNA JOHANSSON (S),0,,/content/corpus/protocols/201516/prot-201516--90.xml,1
Anf. 208 LARS HJÄLMERED (M) replik,0,,/content/corpus/protocols/201920/prot-201920--58.xml,1
Anf. 110 Statsrådet ANNA JOHANSSON (S),0,,/content/corpus/protocols/201617/prot-201617--48.xml,1
Anf. 83 Utbildningsminister GUSTAV FRIDOLIN (MP),0,,/content/corpus/protocols/201516/prot-201516--121.xml,1
Anf. 128 RASMUS LING (MP) replik,0,,/content/corpus/protocols/201718/prot-201718--123.xml,1
1979/80:,1,06610095,/content/corpus/protocols/197980/prot-197980--118.xml,0
"Herr utrikesministern ANDERSSON erhöll ordet för att besvara
            herr Strindbergs (m) den 19 mars anmälda interpellation, 1975/76:155,
            till herr statsministern, och anförde:",0,f9a3be84,/content/corpus/protocols/197576/prot-197576--110.xml,1
"Herr Hallin erhöll på begäran ordet och yttrade: I enlighet med
            vad som har skett under de senaste två riksdagarna då med herr
            talmannens tillstånd till riksdagen överlämnats de resolutioner,
            som fattats vid interparlamentariska unionens senaste konferens,
            anhåller jag nu å riksdagens interparlamentariska grupps styrelses
            vägnar att få till riksdagen överlämna en skrivelse med de resolutioner,
            som beslutats vid unionens konferens nästlidna augusti i Geneve
            och Bern. Styrelsen önskar särskilt fästa uppmärksamheten vid
            resolutionerna om unionens finansiella situation, den parlamentariska
            kontrollen över utrikespolitiken, världens ekonomiska solidaritet
            och den internationella trafiken samt inskränkning av rustningarna.",0,c418b21d,/content/corpus/protocols/1925/prot-1925--fk--21.xml,1
"177 av Isa Halvarsson (fp) till utbildningsministern om försöksverksamheten
            med den nya gymnasiereformen:",1,449fe7df,/content/corpus/protocols/198889/prot-198889--18.xml,0
Anf. 88 Statsrådet BENGT K. Å. JOHANSSON:,0,f844330c,/content/corpus/protocols/198687/prot-198687--37.xml,1
Anf. 97 LOTTA FINSTORP (M),0,,/content/corpus/protocols/201415/prot-201415--69.xml,1
Anf. 75 MAGNUS OSCARSSON (KD),0,,/content/corpus/protocols/201415/prot-201415--70.xml,1
1981/82:,1,888cb214,/content/corpus/protocols/198182/prot-198182--154.xml,0
PERSSON (s),0,,/content/corpus/protocols/199495/prot-199495--62.xml,1
Anf. 89 JESSIKA ROSWALL (M) replik,0,,/content/corpus/protocols/201516/prot-201516--40.xml,1
"Herr industriministern JOHANSSON erhöll ordet för att besvara
            fru Anérs (fp) i kammarens protokoll för den 14 mars intagna fråga,
            nr 119, och anförde:",0,aa8aac40,/content/corpus/protocols/1974/prot-1974--51.xml,1
"Herr ANDERSSON, AXEL JOHAN- NES, (fp):",0,397859cc,/content/corpus/protocols/1964/prot-1964--fk--13.xml,1
Herr statsrådet Nothin avlämnade Kungl. Maj:,1,6ac77caf,/content/corpus/protocols/1925/prot-1925--ak--6.xml,0
Anf. 46 Försvarsminister BJÖRN VON SY-,0,,/content/corpus/protocols/200102/prot-200102--6.xml,1
Anf. 102 OLLE FELTEN (SD) replik,0,,/content/corpus/protocols/201415/prot-201415--38.xml,1
(m):,0,,/content/corpus/protocols/199293/prot-199293--95.xml,1
Anf. 141 Socialförsäkringsminister ANNIKA STRANDHÄLL (S),0,,/content/corpus/protocols/201516/prot-201516--3.xml,1
"Herr statsrådet LÖFBERG erhöll ordet för att besvara herr Wennerfors”
            (m) i kammarens protokoll för den 17 oktober intagna fråga, nr
            243, och anförde:",0,f8c63002,/content/corpus/protocols/1972/prot-1972--103.xml,1
Anf. 111 THOMAS MORELL (SD),0,,/content/corpus/protocols/202021/prot-202021--52.xml,1
Anf. 53 Statsrådet MATS,0,,/content/corpus/protocols/199495/prot-199495--64.xml,1
Anf. 96 Statsrådet ANNA EKSTRÖM (S),0,,/content/corpus/protocols/201617/prot-201617--34.xml,1
Anf. 61 Utrikesminister MARGOT WALLSTRÖM (S),0,,/content/corpus/protocols/201617/prot-201617--26.xml,1
Anf. 7 Statsrådet ANDERS YGEMAN (S),0,,/content/corpus/protocols/202021/prot-202021--7.xml,1
Anf. 48 Utbildningsminister GUSTAV FRIDOLIN (MP),0,,/content/corpus/protocols/201718/prot-201718--4.xml,1
Anf. 119 LINDA LINDBERG (SD),0,,/content/corpus/protocols/202122/prot-202122--19.xml,1
Anf. 185 MARIA STOCKHAUS (M),0,,/content/corpus/protocols/201415/prot-201415--88.xml,1
1985/86:,1,7e33a226,/content/corpus/protocols/198586/prot-198586--62.xml,0
Anf. 48 Statsrådet SVEN-ERIK BUCHT (S),0,,/content/corpus/protocols/201617/prot-201617--103.xml,1
Herr statsrådet Lyberg avlämmade Kungl. Maj:,1,e2f05ea7,/content/corpus/protocols/1927/prot-1927--fk--9.xml,0
Anf. 1 Näringsminister IBRAHIM BAYLAN (S),0,,/content/corpus/protocols/202122/prot-202122--26.xml,1
Anf. 155 MAGNUS EK (C) replik,0,,/content/corpus/protocols/202021/prot-202021--83.xml,1
Anf. 153 MICHAEL SVENSSON (M),0,,/content/corpus/protocols/201516/prot-201516--26.xml,1
"189 av Alf Wennerfors (m) till försvarsministern om försvarets
            reseverksamhet:",1,e49944a9,/content/corpus/protocols/198788/prot-198788--29.xml,0
Anf. 132 EMIL KÄLLSTRÖM (C),0,,/content/corpus/protocols/201415/prot-201415--114.xml,1
(m):,0,,/content/corpus/protocols/199293/prot-199293--121.xml,1
Anf. 148 Miljöminister ANNA LINDH (s),0,,/content/corpus/protocols/199697/prot-199697--53.xml,1
Anf. 149 ROZA GÜCLÜ HEDIN (S) replik,0,,/content/corpus/protocols/201718/prot-201718--76.xml,1
Anf. 88 KERSTIN LUNDGREN (C) replik,0,,/content/corpus/protocols/201617/prot-201617--68.xml,1
Anf. 44 Miljöminister KAROLINA SKOG (MP),0,,/content/corpus/protocols/201718/prot-201718--30.xml,1
"TALMANNEN: Som ny suppleant i försvarsutskottet efter Johannes
            Antonsson har centerpartiets partigrupp anmält Axel Kristiansson.",0,86600bcf,/content/corpus/protocols/197879/prot-197879--94.xml,1
Anf. 5 MIA SYDOW MÖLLEBY (V),0,,/content/corpus/protocols/202021/prot-202021--25.xml,1
Anf. 67 Finansminister ANNE WIBBLE,0,,/content/corpus/protocols/199192/prot-199192--35.xml,1
Anf. 32 Försvarsminister PETER HULTQVIST (S) replik,0,,/content/corpus/protocols/202021/prot-202021--50.xml,1
Anf. 43 LINDA WESTERLUND SNECKER (V),0,,/content/corpus/protocols/201920/prot-201920--100.xml,1
PERSSON (s),0,,/content/corpus/protocols/199495/prot-199495--110.xml,1
Arbetsmarknadsministern PER AHLMARK:,0,68908f4a,/content/corpus/protocols/197778/prot-197778--7.xml,1
Anf. 183 KENT EKEROTH (SD) replik,0,,/content/corpus/protocols/201415/prot-201415--20.xml,1
RUNE JOHANSSON i Ljungby (s):,0,884d1339,/content/corpus/protocols/197778/prot-197778--50.xml,1
Anf. 136 HANS PETERSSON i Röstånga (fp):,0,d839bcb5,/content/corpus/protocols/198283/prot-198283--140.xml,1
Anf. 245 NIKLAS WYKMAN (M),0,,/content/corpus/protocols/201617/prot-201617--47.xml,1
Anf. 205 JONAS JACOBSSON GJÖRTLER (M),0,,/content/corpus/protocols/201718/prot-201718--131.xml,1
Anf. 77 JOHAN FORSSELL (M),0,,/content/corpus/protocols/201718/prot-201718--59.xml,1
Anf. 179 EMMA HULT (MP) replik,0,,/content/corpus/protocols/201516/prot-201516--74.xml,1
Anf. 118 ELISEBEHT MARKSTRÖM (s),0,,/content/corpus/protocols/200203/prot-200203--87.xml,1
THALÉN (s),0,,/content/corpus/protocols/199596/prot-199596--60.xml,1
Statsrådet OLOF JOHANSSON:,0,73089586,/content/corpus/protocols/197778/prot-197778--106.xml,1
Anf. 55 JOAR FORSSELL (L),0,,/content/corpus/protocols/201920/prot-201920--135.xml,1
Anf. 66 OLA JOHANSSON (C),0,,/content/corpus/protocols/201920/prot-201920--38.xml,1
Anf. 96 ANDERS W JONSSON (C) replik,0,,/content/corpus/protocols/201617/prot-201617--47.xml,1
Anf. 21 HELÉN PETTERSSON i Umeå (s):,0,,/content/corpus/protocols/200607/prot-200607--35.xml,1
Anf. 8 Socialminister INGELA THALÉN,0,,/content/corpus/protocols/199091/prot-199091--61.xml,1
Anf. 39 Miljöminister KJELL LARS-,0,,/content/corpus/protocols/200001/prot-200001--37.xml,1
Anf. 73 Ålderspresident KRISTER ÖRNFJÄDER (S),0,,/content/corpus/protocols/201718/prot-201718--51.xml,1
Anf. 97 EDWARD RIEDL (M),0,,/content/corpus/protocols/201516/prot-201516--72.xml,1
Anf. 42 Utbildningsministern JAN-ERIK WIKSTRÖM:,0,29531934,/content/corpus/protocols/198081/prot-198081--36.xml,1
Anf. 38 ANNIE LÖÖF (C) replik,0,,/content/corpus/protocols/201415/prot-201415--8.xml,1
1984/85:,1,6216190e,/content/corpus/protocols/198485/prot-198485--145.xml,0
Arbetsmarknadsministern ROLF WIRTÉN:,0,5f8e8f5b,/content/corpus/protocols/197879/prot-197879--104.xml,1
Anf. 196 PER-INGVAR JOHNSSON (C),0,,/content/corpus/protocols/201617/prot-201617--37.xml,1
Anf. 88 Närings- och innovationsminister MIKAEL DAMBERG (S),0,,/content/corpus/protocols/201617/prot-201617--42.xml,1
Anf. 134 MATHIAS TEGNÉR (S),0,,/content/corpus/protocols/201617/prot-201617--47.xml,1
Anf. 4 Finansminister KJELL-OLOF FELDT:,0,08fc9a54,/content/corpus/protocols/198283/prot-198283--139.xml,1
Anf. 159 Utrikesminister MARGOT WALLSTRÖM (S),0,,/content/corpus/protocols/201415/prot-201415--41.xml,1
Anf. 75 Närings- och innovationsminister MIKAEL DAMBERG (S),0,,/content/corpus/protocols/201617/prot-201617--53.xml,1
1987/88:,1,70f3b562,/content/corpus/protocols/198788/prot-198788--89.xml,0
Anf. 135 DANIEL RIAZAT (V) replik,0,,/content/corpus/protocols/201819/prot-201819--81.xml,1
"Ordet lämnades på begäran till hans excellens herr ministern
            för utrikes ärendena UNDÉN, som framförde det i Kungl. Maj:ts
            skrivelse nr 57 avsedda meddelandet till riksdagen, så lydande:",0,ea6af706,/content/corpus/protocols/1952/prot-1952--ak--7.xml,1
Anf. 66 ERIK EZELIUS (S) replik,0,,/content/corpus/protocols/201617/prot-201617--40.xml,1
Anf. 56 Justitieminister LAILA FREI-,0,,/content/corpus/protocols/19992000/prot-19992000--39.xml,1
Anf. 102 CAMILLA WALTERSSON GRÖNVALL (M),0,,/content/corpus/protocols/201516/prot-201516--103.xml,1
Anf. 83 JULIA KRONLID (SD),0,,/content/corpus/protocols/202021/prot-202021--104.xml,1
Anf. 315 MARIA FERM (MP) replik,0,,/content/corpus/protocols/201819/prot-201819--8.xml,1
Anf. 103 Statsrådet JÖRGEN,0,,/content/corpus/protocols/199495/prot-199495--76.xml,1
Anf. 105 JOHAN HULTBERG (M),0,,/content/corpus/protocols/201718/prot-201718--81.xml,1
Vidare anförde:,1,7e743110,/content/corpus/protocols/1969/prot-1969--ak--27.xml,0
Anf. 54 DANIEL RIAZAT (V) replik,0,,/content/corpus/protocols/202021/prot-202021--87.xml,1
Anf. 112 STEN BERGHEDEN (M),0,,/content/corpus/protocols/201415/prot-201415--68.xml,1
Anf. 169 MATS NORDBERG (SD) replik,0,,/content/corpus/protocols/201819/prot-201819--101.xml,1
Anf. 111 JIMMY LOORD (KD) replik,0,,/content/corpus/protocols/201819/prot-201819--33.xml,1
Anf. 43 DAG LARSSON (S) replik,0,,/content/corpus/protocols/201819/prot-201819--9.xml,1
SON (s):,0,,/content/corpus/protocols/19992000/prot-19992000--47.xml,1
Anf. 46 Statsrådet IBRAHIM BAYLAN (S),0,,/content/corpus/protocols/201617/prot-201617--49.xml,1
Anf. 23 Finansminister MAGDALENA ANDERSSON (S) replik,0,,/content/corpus/protocols/201516/prot-201516--5.xml,1
Anf. 62 DANIEL RIAZAT (V),0,,/content/corpus/protocols/201617/prot-201617--85.xml,1
"Fröken ANDERSSON, som nu lämnade talmansplatsen, anförde därvid
            till herr talmannen:",0,1836a456,/content/corpus/protocols/1966/prot-1966--fk--1.xml,1
Anf. 5 MAJLÉNE WESTERLUND PAN-,0,,/content/corpus/protocols/19992000/prot-19992000--16.xml,1
Anf. 30 Statsrådet ANNA JOHANSSON (S),0,,/content/corpus/protocols/201617/prot-201617--50.xml,1
Anf. 137 JEFF AHL (SD) replik,0,,/content/corpus/protocols/201415/prot-201415--116.xml,1
Anf. 11 PENILLA GUNTHER (KD),0,,/content/corpus/protocols/201718/prot-201718--29.xml,1
Anf. 43 ROBERT STENKVIST (SD),0,,/content/corpus/protocols/201920/prot-201920--142.xml,1
Utrikesministern HANS BLIX:,0,785e7166,/content/corpus/protocols/197879/prot-197879--94.xml,1
Anf. 38 GÖRAN HÄGGLUND (kd) 7,0,,/content/corpus/protocols/199899/prot-199899--6.xml,1
"Herr finansministern STRÄNG erhöll ordet för att besvara herr
            Hovhammars (m) i kammarens protokoll för den 1 november intagna
            fråga, nr 283, och anförde:",0,8f43f0b0,/content/corpus/protocols/1973/prot-1973--129.xml,1
"Herr Ekman, Carl Gustaf, erhöll ordet och anförde: I anslutning
            till det nu fattade beslutet tillåter jag mig hemställa, att suppleanternas
            antal måtte bestämmas till tio.",0,1fd4a7f3,/content/corpus/protocols/1925/prot-1925--fk--12.xml,1
Anf. 23 TOBIAS BILLSTRÖM (M),0,,/content/corpus/protocols/201819/prot-201819--81.xml,1
Anf. 65 Statsrådet ISABELLA LÖVIN (MP),0,,/content/corpus/protocols/201516/prot-201516--38.xml,1
Anf. 120 Justitieminister GUN HELLSVIK,0,,/content/corpus/protocols/199192/prot-199192--115.xml,1
SUNDSTRÖM (s),0,,/content/corpus/protocols/199495/prot-199495--114.xml,1
JOHANSSON (s),0,,/content/corpus/protocols/199495/prot-199495--113.xml,1
Anf. 38 Finansminister KJELL-OLOF FELDT:,0,7890824f,/content/corpus/protocols/198283/prot-198283--114.xml,1
FREIVALDS (s),0,,/content/corpus/protocols/199596/prot-199596--104.xml,1
Anf. 203 EWA LARSSON (mp) replik,0,,/content/corpus/protocols/199596/prot-199596--101.xml,1
"264 av Lennart Bladh (s) till industriministern om åtgärder för
            att trygga sysselsättningen vid Ato Fritid i Osby:",1,bc1d4e84,/content/corpus/protocols/197980/prot-197980--63.xml,0
Herr statsrådet Schlyter avlämnade Kungl. Maj:,1,680fc8ce,/content/corpus/protocols/1936/prot-1936--fk--11.xml,0
DOW (s):,0,,/content/corpus/protocols/199899/prot-199899--100.xml,1
Anf. 26 TALMANNEN,0,,/content/corpus/protocols/201920/prot-201920--20.xml,1
Anf. 46 NOOSHI DADGOSTAR (V),0,,/content/corpus/protocols/201718/prot-201718--95.xml,1
LIN (mp):,0,,/content/corpus/protocols/19992000/prot-19992000--124.xml,1
VALL (s):,0,,/content/corpus/protocols/200001/prot-200001--74.xml,1
Anf. 78 CECILIE TENFJORD-TOFTBY (M),0,,/content/corpus/protocols/201516/prot-201516--7.xml,1
Anf. 3 CATHERINE PERSSON (s) 3,0,,/content/corpus/protocols/199899/prot-199899--68.xml,1
Anf. 109 Utbildningsminister GUSTAV FRIDOLIN (MP),0,,/content/corpus/protocols/201415/prot-201415--95.xml,1
Anf. 47 FREDRIK SCHULTE (M),0,,/content/corpus/protocols/201617/prot-201617--9.xml,1
Anf. 2 GUNILLA CARLSSON i Tyresö (m):,0,,/content/corpus/protocols/200506/prot-200506--73.xml,1
Anf. 75 BJÖRN SÖDER (SD),0,,/content/corpus/protocols/201920/prot-201920--44.xml,1
Anf. 74 JOHN ANDERSSON (-):,0,,/content/corpus/protocols/199394/prot-199394--53.xml,1
1982/83:,1,3cb86f86,/content/corpus/protocols/198283/prot-198283--69.xml,0
Anf. 61 MATS ODELL (kds) replik,0,,/content/corpus/protocols/199596/prot-199596--109.xml,1
Anf. 30 SOFIA WESTERGREN (M),0,,/content/corpus/protocols/202021/prot-202021--90.xml,1
Anf. 26 Näringsminister BJÖRN ROSENGREN (s) 11,0,,/content/corpus/protocols/199899/prot-199899--68.xml,1
1983/84:,1,ca07a0fc,/content/corpus/protocols/198384/prot-198384--130.xml,0
PERSSON (s),0,,/content/corpus/protocols/199596/prot-199596--86.xml,1
"Ordet gavs härefter till herr HOLMBERG (h), som yttrade:",0,cb37575b,/content/corpus/protocols/1963/prot-1963-hÃ¶st-fk--33.xml,1
"Justitieministern SVEN ROMANUS: Herr talman! Jag vill gärna säga
              att som Karl-Erik Strömberg riktigt uppfattat mitt svar är situationen
              ansträngd på trafikområdet i sommar. Men 19",0,51d36279,/content/corpus/protocols/197778/prot-197778--160.xml,1
Anf. 85 ANDERS W JONSSON (C),0,,/content/corpus/protocols/201819/prot-201819--56.xml,1
Anf. 44 NILS-OLOF GUSTAFSSON (s),0,,/content/corpus/protocols/199091/prot-199091--119.xml,1
"Överläggningen var härmed avslutad. Mom. 1 (avdragsrätt för bidrag
            till främjande av ett läns näringsliv) Utskottets hemställan bifölls
            med 212 röster mot 69 för reservationen av Knut Wachtmeister m.
            fl. Mom. 2 Utskottets hemställan bifölls. 98 Meddelande om svar
            på interpellation 1982/83:113 Anf. 46 Statsrådet GERTRUD SIGURDSEN:",1,7db800c6,/content/corpus/protocols/198283/prot-198283--134.xml,0
Anf. 13 STEN BERGHEDEN (M),0,,/content/corpus/protocols/202021/prot-202021--134.xml,1
Anf. 51 KERSTIN LUNDGREN (C) replik,0,,/content/corpus/protocols/201516/prot-201516--111.xml,1
Anf. 20 PÅL JONSON (M),0,,/content/corpus/protocols/201718/prot-201718--86.xml,1
Anf. 143 JAN BJÖRKLUND (FP) replik,0,,/content/corpus/protocols/201516/prot-201516--13.xml,1
Anf. 168 DANIEL BÄCKSTRÖM (C) replik,0,,/content/corpus/protocols/202122/prot-202122--42.xml,1
av herr Nyman (fp) till herr statsrådet och chefen för kommunikationsdepartementet:,1,28b10a53,/content/corpus/protocols/1970/prot-1970-hÃ¶st-fk--32.xml,0
Anf. 27 ALI ESBATI (V),0,,/content/corpus/protocols/201617/prot-201617--71.xml,1
Anf. 60 Statsrådet ÅSA REGNÉR (S),0,,/content/corpus/protocols/201516/prot-201516--66.xml,1
Anf. 3 Kulturminister MARITA ULV-,0,,/content/corpus/protocols/200203/prot-200203--69.xml,1
Anf. 140 MARIANNE SAMUELS-,0,,/content/corpus/protocols/200203/prot-200203--111.xml,1
Anf. 20 NIKLAS WYKMAN (M),0,,/content/corpus/protocols/201516/prot-201516--64.xml,1
Anf. 42 DANIEL RIAZAT (V) replik,0,,/content/corpus/protocols/201920/prot-201920--52.xml,1
Anf. 59 MARTIN KINNUNEN (SD) replik,0,,/content/corpus/protocols/201718/prot-201718--48.xml,1
Anf. 49 ÅSA COENRAADS (M) replik,0,,/content/corpus/protocols/202021/prot-202021--132.xml,1
Anf. 41 HILLEVI LARSSON (S) replik,0,,/content/corpus/protocols/201415/prot-201415--19.xml,1
Anf. 32 Statsrådet HELENE HELLMARK KNUTSSON (S),0,,/content/corpus/protocols/201516/prot-201516--19.xml,1
Anf. 42 Statsrådet ANN LINDE (S),0,,/content/corpus/protocols/201617/prot-201617--51.xml,1
Anf. 57 Statsrådet HELENE HELLMARK KNUTSSON (S),0,,/content/corpus/protocols/201718/prot-201718--113.xml,1
Anf. 93 Statsrådet ANNA JOHANSSON (S),0,,/content/corpus/protocols/201516/prot-201516--90.xml,1
Industriministern ERIK HUSS:,0,fcbd4235,/content/corpus/protocols/197879/prot-197879--34.xml,1
Anf. 1 JENS HOLM (V),0,,/content/corpus/protocols/201920/prot-201920--50.xml,1
Anf. 127 Statsrådet ANNA JOHANSSON (S),0,,/content/corpus/protocols/201415/prot-201415--122.xml,1
Anf. 28 HELENA LINDAHL (C) replik,0,,/content/corpus/protocols/201415/prot-201415--74.xml,1
"Herr förste vice talmannen erhöll ordet och yttrade: Jag får
            hemställa, att kammaren måtte besluta, att första tillfälliga
            utskottets utlåtande nr 20 angående kristendomsundervisningen
            i folkskolorna måtte uppföras på föredragningslistan för onsdagen
            den 25 maj.",0,4f2916ab,/content/corpus/protocols/1921/prot-1921--fk--35.xml,1
"Ordet lämnades härefter till herr statsrådet och chefen för justitiedepartementet
            KLING, som meddelat, att han ämnade vid detta sammanträde besvara
            herr Kilsmos interpellation angående upplåtelse av kyrka för jordfästning,
            och nu anförde:",0,7afd699f,/content/corpus/protocols/1965/prot-1965--fk--21.xml,1
(cp):,0,06e6be6e,/content/corpus/protocols/1958/prot-1958-a-fk--12.xml,1
(fp):,0,,/content/corpus/protocols/199192/prot-199192--120.xml,1
(JUNO BLOM (L):,1,,/content/corpus/protocols/201819/prot-201819--93.xml,0
1989/90:,1,dcd94c6d,/content/corpus/protocols/198990/prot-198990--8.xml,0
Herr KINDBOM t1c):,0,0ac7a74b,/content/corpus/protocols/197677/prot-197677--137.xml,1
av herr Hibinette (h) till herr statsrådet och chefen för ecklesiastikdepartementet:,1,b17c02ff,/content/corpus/protocols/1967/prot-1967-hÃ¶st-fk--37.xml,0
Anf. 136 Miljöminister ANNA LINDH (s),0,,/content/corpus/protocols/199495/prot-199495--111.xml,1
"150 av Kerstin Ekman (fp) till statsrådet Gertrud Sigurdsen om
            skyddet mot difteri:",1,96224a35,/content/corpus/protocols/198485/prot-198485--19.xml,0
Anf. 173 JOHN WIDEGREN (M) replik,0,,/content/corpus/protocols/201920/prot-201920--50.xml,1
Anf. 17 JAN-OLOF RAGNARSSON (v),0,,/content/corpus/protocols/199091/prot-199091--123.xml,1
Anf. 40 Arbetsmarknadsminister BÖRJE,0,,/content/corpus/protocols/199192/prot-199192--93.xml,1
Anf. 12 ULF KRISTERSSON (M) replik,0,,/content/corpus/protocols/202021/prot-202021--137.xml,1
Anf. 51 Statsminister GÖRAN PERS-,0,,/content/corpus/protocols/200001/prot-200001--96.xml,1
"Chefen för jordbruksdepartiementet, herr statsrådet NÄSGÅRD,
              som anförde:",0,012208ac,/content/corpus/protocols/1957/prot-1957--ak--8.xml,1
Anf. 33 ELISABETH SVANTESSON (M),0,,/content/corpus/protocols/201516/prot-201516--36.xml,1
(fp):,0,,/content/corpus/protocols/199394/prot-199394--53.xml,1
Anf. 80 SANNE LENNSTRÖM (S),0,,/content/corpus/protocols/201617/prot-201617--81.xml,1
Anf. 65 Finansminister KJELL-OLOF FELDT:,0,b04b3765,/content/corpus/protocols/198889/prot-198889--106.xml,1
Anf. 7 SERKAN KÖSE (S),0,,/content/corpus/protocols/201516/prot-201516--14.xml,1
Anf. 157 RASMUS LING (MP) replik,0,,/content/corpus/protocols/201617/prot-201617--41.xml,1
Anf. 71 GUNILLA CARLSSON i Hisings Backa (S) replik:,0,,/content/corpus/protocols/201011/prot-201011--111.xml,1
THURDIN (c),0,,/content/corpus/protocols/199495/prot-199495--110.xml,1
Anf. 66 PAULA BIELER (SD),0,,/content/corpus/protocols/201718/prot-201718--89.xml,1
"Herr PEHRSSON-BRAMSTORP: Herr talman! Det är nu andra gången,
              sedan = socialdemokraterna ensamma övertogo regeringsansvaret,
              som det i statsverkspropositionen lämnas en redogörelse för ett
              gånget års verksamhet, och det är tredje gången man där får se
              en prognos för den tänkta utvecklingen under ett kommande år.
              Av den redogörelse finansministern lämnar framgår med all tydlighet,
              att det råder högkonjunktur inom industrien. De inkomster, som
              redovisas på inkomstsidan, ha därför kommit upp till ett helopp,
              som överstiger vad man kom till vid de mest optimistiska beräkningarna,
              då vi 1946 gjorde en prognos över vad vi rimligen kunde tänka
              oss ha möjlighet att genomföra på de sociala och kulturella områdena.
              Redan då fanns det ju röster som varnade och ville att vi skulle
              räkna försiktigt, men",0,0d07f2df,/content/corpus/protocols/1948/prot-1948--ak--2.xml,1
Handelsministern HADAR CARS:,0,5dcd2dc4,/content/corpus/protocols/197879/prot-197879--148.xml,1
"1991/92:754 av Siw Persson (fp) till jordbruksministern om torskfisket
            i Öresund:",1,,/content/corpus/protocols/199192/prot-199192--108.xml,0
"Herr socialministern ASPLING erhöll ordet för att besvara fru
            Skantz (s) den 7 maj anmälda fråga, nr 192, och anförde:",0,a73593ca,/content/corpus/protocols/1975/prot-1975--81.xml,1
Anf. 49 Statsminister GÖRAN PERS-,0,,/content/corpus/protocols/200001/prot-200001--19.xml,1
"Chefen för civildepartementet, herr statsrådet LINDHOLM, som
            yttrade:",0,6fc0d6fa,/content/corpus/protocols/1957/prot-1957--ak--19.xml,1
Anf. 25 Finansminister KJELL-OLOF FELDT:,0,bfc880d2,/content/corpus/protocols/198384/prot-198384--35.xml,1
Anf. 86 JESPER SKALBERG KARLSSON (M),0,,/content/corpus/protocols/201718/prot-201718--59.xml,1
a änte vd länsstyrelsen i Herr Bengtsson i Norup:,1,db17d322,/content/corpus/protocols/1920/prot-1920--ak--59.xml,0
Anf. 17 SOLVEIG ZANDER (C),0,,/content/corpus/protocols/201617/prot-201617--47.xml,1
Industriministern NILS ÅSLING:,0,bb012f96,/content/corpus/protocols/197980/prot-197980--16.xml,1
Anf. 18 KERSTIN LUNDGREN (C) replik,0,,/content/corpus/protocols/202021/prot-202021--3.xml,1
Anf. 47 Utrikesminister MARGOT WALLSTRÖM (S) replik,0,,/content/corpus/protocols/201415/prot-201415--20.xml,1
Anf. 13 MARIA FERM (MP),0,,/content/corpus/protocols/201718/prot-201718--142.xml,1
Anf. 102 Statsrådet ÅSA LINDHAGEN (MP),0,,/content/corpus/protocols/201920/prot-201920--83.xml,1
Anf. 47 CAMILLA BRODIN (KD) replik,0,,/content/corpus/protocols/201819/prot-201819--29.xml,1
"Hans excellens herr ministern för utrikes ärendena Undén, som
            tillkännadng. beskjutgivit, att han hade för avsikt att vid detta
            sammanträde besvara herr Wagns- Österrike av sons interpellation
            angående beskjutningen i Österrike av svenska Rädda synska barnens
            bil, erhöll ordet och anförde: Herr talman! Med kammarens tillstånd
            Rädda barhar herr Wagnsson till mig riktat följande interpellation:
            nens bil.",0,930b52d4,/content/corpus/protocols/1947/prot-1947--fk--28.xml,1
Anf. 53 MARIA GARDFJELL (MP),0,,/content/corpus/protocols/201920/prot-201920--3.xml,1
Anf. 88 MARIA GARDFJELL (MP) replik,0,,/content/corpus/protocols/201819/prot-201819--32.xml,1
1986/87:,1,a918135d,/content/corpus/protocols/198687/prot-198687--40.xml,0
Anf. 39 Statsminister GÖRAN PERSSON (s),0,,/content/corpus/protocols/200102/prot-200102--125.xml,1
Anf. 38 Utrikesminister MARGOT WALLSTRÖM (S),0,,/content/corpus/protocols/201819/prot-201819--54.xml,1
Anf. 192 JAN-OLOF LARSSON (S) replik,0,,/content/corpus/protocols/201617/prot-201617--41.xml,1
Anf. 49 Kultur- och demokratiminister ALICE BAH KUHNKE (MP),0,,/content/corpus/protocols/201617/prot-201617--110.xml,1
(c):,0,,/content/corpus/protocols/199091/prot-199091--12.xml,1
Anf. 65 Statsrådet LARS-ERIK LÖV-,0,,/content/corpus/protocols/200001/prot-200001--54.xml,1
Anf. 21 Statsrådet ARDALAN SHEKARABI (S),0,,/content/corpus/protocols/202021/prot-202021--92.xml,1
Anf. 41 KERSTIN LUNDGREN (C) replik,0,,/content/corpus/protocols/201415/prot-201415--58.xml,1
Anf. 300 LORENTZ TOVATT (MP) replik,0,,/content/corpus/protocols/202122/prot-202122--41.xml,1
"317 av Marianne Stålberg (s) till kommunikationsministern om
            fördelningen av anslaget till drift av statliga vägar:",1,527adf54,/content/corpus/protocols/198889/prot-198889--34.xml,0
Anf. 7 OLLE WÄSTBERG i Stockholm (fp):,0,ec9f548e,/content/corpus/protocols/198081/prot-198081--80.xml,1
Anf. 10 ILONA SZATMARI WALDAU (V),0,,/content/corpus/protocols/202021/prot-202021--71.xml,1
Anf. 116 Statsrådet MATS,0,,/content/corpus/protocols/199596/prot-199596--52.xml,1
"Chefen för försvarsdepartementet, herr statsrådet ANDERSSON,
              som yttrade:",0,d75752f0,/content/corpus/protocols/1957/prot-1957--ak--20.xml,1
Anf. 59 Socialförsäkringsminister ANNIKA STRANDHÄLL (S),0,,/content/corpus/protocols/201415/prot-201415--91.xml,1
Herr statsrådet talade om svåra avvägningar:,1,7b51a357,/content/corpus/protocols/1963/prot-1963--fk--18.xml,0
Anf. 120 Justitieminister LAILA,0,,/content/corpus/protocols/199596/prot-199596--86.xml,1
Herr JANSSON i Benestad (cp) erhöll på begäran ordet och yttrade:,0,bb6859b2,/content/corpus/protocols/1959/prot-1959-hÃ¶st-ak--32.xml,1
Anf. 67 FREDRIK SCHULTE (M),0,,/content/corpus/protocols/201415/prot-201415--121.xml,1
Anf. 171 STINA BERGSTRÖM (MP) replik,0,,/content/corpus/protocols/201516/prot-201516--45.xml,1
Anf. 16 FREDRIK OLOVSSON (S) replik,0,,/content/corpus/protocols/201819/prot-201819--27.xml,1
Anf. 23 MATS GREEN (M),0,,/content/corpus/protocols/201718/prot-201718--114.xml,1
Anf. 33 Finansminister MAGDALENA ANDERSSON (S),0,,/content/corpus/protocols/201516/prot-201516--14.xml,1
Anf. 50 Statsminister STEFAN LÖFVEN (S),0,,/content/corpus/protocols/201819/prot-201819--94.xml,1
(m):,0,,/content/corpus/protocols/199293/prot-199293--26.xml,1
Anf. 105 DANIEL FÄRM (S),0,,/content/corpus/protocols/202021/prot-202021--128.xml,1
Anf. 178 MAGNUS JACOBSSON (KD) replik,0,,/content/corpus/protocols/201819/prot-201819--33.xml,1
Anf. 29 ULF KRISTERSSON (M) replik,0,,/content/corpus/protocols/201920/prot-201920--31.xml,1
Anf. 80 Klimat- och miljöminister ÅSA ROMSON (MP) replik,0,,/content/corpus/protocols/201415/prot-201415--113.xml,1
"1991/92:752 av Bengt Hurtig (v) till miljöministern om miljöproblem
            på Nordkalotten:",1,,/content/corpus/protocols/199192/prot-199192--108.xml,0
Anf. 95 PATRIK ENGSTRÖM (S) replik,0,,/content/corpus/protocols/201718/prot-201718--76.xml,1
Anf. 124 ANGELIKA BENGTSSON (SD),0,,/content/corpus/protocols/202021/prot-202021--129.xml,1
Anf. 57 MIKAEL ESKILANDERSSON (SD),0,,/content/corpus/protocols/201718/prot-201718--88.xml,1
Statsministern THORBJÖRN FÄLLDIN:,0,3ac264f7,/content/corpus/protocols/197980/prot-197980--24.xml,1
Anf. 20 LARS BECKMAN (M),0,,/content/corpus/protocols/201819/prot-201819--54.xml,1
Anf. 105 CARL SCHLYTER (MP) replik,0,,/content/corpus/protocols/201718/prot-201718--88.xml,1
KOG (s):,0,,/content/corpus/protocols/200203/prot-200203--111.xml,1
Anf. 205 BIRGER LAHTI (V) replik,0,,/content/corpus/protocols/201617/prot-201617--101.xml,1
Kommunikationsministern ANITHA BONDESTAM:,0,2b109c50,/content/corpus/protocols/197879/prot-197879--32.xml,1
Anf. 76 JULIA KRONLID (SD),0,,/content/corpus/protocols/201920/prot-201920--28.xml,1
Anf. 139 KARIN RÅGSJÖ (V),0,,/content/corpus/protocols/201617/prot-201617--77.xml,1
"Herr talmannen tog nu avsked av kammarens ledamöter med följande
            ord: Mina damer och herrar! Vi stå nu redo att avsluta 1939 års
            lagtima riksdag. Jag tacker Eder för det överseende och den välvilja,
            som kommit mig till del under fullgörandet av mitt uppdrag att
            leda kammarens förhandlingar.",0,7b371881,/content/corpus/protocols/1939/prot-1939--ak--41.xml,1
Anf. 71 ANNIKA HIRVONEN FALK (MP) replik,0,,/content/corpus/protocols/201819/prot-201819--110.xml,1
Anf. 5 PATRIK BJÖRCK (S) replik,0,,/content/corpus/protocols/201718/prot-201718--73.xml,1
HOLM (s):,0,,/content/corpus/protocols/199899/prot-199899--95.xml,1
"Herr Bergman erhöll nu ordet för kort genmäle och yttrade: Jag
              har begärt ordet för att helt kort replikera herr Bärg i avseende
              å hans yttrande angående de engelska priserna på whisky. Jag meddelade
              inte de av honom anförda nuvarande priserna (som f. ö. blott bestyrka
              mitt allmänna resonemang) utan dem som skulle införas vid det
              tillfälle, jag talade om. Det genom skatten höjda priset på en
              flaska (som motsvarar ungefär tre fjärdedels liter) av den allmännast
              brukliga whiskysorten, betingade förut ej ens 4 shillings, men
              medelpriset skulle efter höjningen bli 14 7/; shillings för ett
              mått motsvarande ?/, liter. Det torde väl för en hel liter i det
              närmaste motsvara den summa i svenskt mynt som jag angav. Man
              får naturligtvis inte utgå från den nuvarande, utan från den dåvarande
              proportionen mellan engelsk och svensk valuta.",0,997de1e4,/content/corpus/protocols/1939/prot-1939-urtima-fk--14.xml,1
Anf. 24 JONAS SJÖSTEDT (V) replik,0,,/content/corpus/protocols/201920/prot-201920--58.xml,1
Försvarsministern LARS DE GEER:,0,adf3fcd3,/content/corpus/protocols/197879/prot-197879--156.xml,1
Anf. 3 Klimat- och miljöminister ÅSA ROMSON (MP),0,,/content/corpus/protocols/201516/prot-201516--72.xml,1
Anf. 118 YASMINE POSIO (V) replik,0,,/content/corpus/protocols/201819/prot-201819--31.xml,1
Anf. 111 ELISABETH BJÖRNSDOTTER RAHM (M),0,,/content/corpus/protocols/201819/prot-201819--51.xml,1
Anf. 9 Miljö- och klimatminister ISABELLA LÖVIN (MP),0,,/content/corpus/protocols/201920/prot-201920--67.xml,1
Anf. 105 ULRIKA CARLSSON i Skövde (C):,0,,/content/corpus/protocols/201516/prot-201516--73.xml,1
Herr statsrådet Levinson avlämnade Kungl. Maj:,1,aa0b0e2c,/content/corpus/protocols/1925/prot-1925--fk--16.xml,0
PETERSON (s),0,,/content/corpus/protocols/199596/prot-199596--31.xml,1
"Statsrådet NYGREN: Herr talman! Det är av oss alla väl känt,
              att ett starkt behov föreligger av en utökad undervisning på det
              medicinska området. Igångsättandet av den medicinska högskolan
              i Göteborg är också ett bevis för att statsmakterna ha beaktat
              denna sak. Högskvlan i Göteborg är ju av mycket ungt datum, Den
              påbörjades 1949. Då satte man i gång med anatomi, och sedan har
              histologien tillkommit i januari 1959, fysiologi och medicinsk
              kemi på hösten 1930 och slutligen farmakologi på vårterminen 1951.
              Man räknar med att allmän patologi och bakteriologi skola komma
              till på höstterminen 1951 och att under vårterminen 1952 den kliniska
              undervisningen skall taga sin början i ämnena medicin och kirurgi
              vid det kliniskt-kemiska laboratoriet och det kliniskt-bakteriologiska
              laboratoriet. Institutionen för speciell bakteriologi skall träda
              i verksamhet från och med ingången av 1952. Jag har velat påminna
              om detta för att påvisa för kammaren, att man verkligen har gjort
              ansträngningar och alltjämt gör ansträngningar för att i snabbast
              möjliga tempo utbygga den medicinska högskolan.",0,448c323c,/content/corpus/protocols/1951/prot-1951--fk--14.xml,1
Anf. 48 KERSTIN LUNDGREN (C),0,,/content/corpus/protocols/202021/prot-202021--5.xml,1
"Herr HANSON, PER-OLOF, (fp):",0,f3af9565,/content/corpus/protocols/1962/prot-1962-hÃ¶st-fk--32.xml,1
Anf. 69 INGBRITT IRHAMMAR (c) replik,0,,/content/corpus/protocols/199495/prot-199495--58.xml,1
Anf. 136 Justitieminister GUN HELLSVIK,0,,/content/corpus/protocols/199293/prot-199293--10.xml,1
"Sedan herr TALMANNEN mottagit även dessa blommor, yttrade han:",0,65fba12b,/content/corpus/protocols/1955/prot-1955-hÃ¶st-fk--32.xml,1
Anf. 67 KRISTINA YNGWE (C),0,,/content/corpus/protocols/201415/prot-201415--65.xml,1
"Herr statsrådet LIDBOM erhöll ordet för att besvara herr Carlssons
            i Vikmanshyttan (c) den 30 oktober framställda interpellation,
            nr 143, till herr bostadsministern, och anförde:",0,fbc7421d,/content/corpus/protocols/1974/prot-1974--138.xml,1
WALLSTRÖM (s),0,,/content/corpus/protocols/199596/prot-199596--84.xml,1
DÉN (s):,0,,/content/corpus/protocols/200001/prot-200001--76.xml,1
1980/81:,1,78fb7b91,/content/corpus/protocols/198081/prot-198081--149.xml,0
Utbildningsministern JAN-ERIK WIKSTRÖM:,0,0fc60829,/content/corpus/protocols/197778/prot-197778--48.xml,1
Anf. 129 AXEL HALLBERG (MP) replik,0,,/content/corpus/protocols/202122/prot-202122--42.xml,1
herr Ericsson i Sörsjön:,1,725a1110,/content/corpus/protocols/1933/prot-1933--ak--2.xml,0
Herr statsrådet Sköld avlämnade Kungl. Maj:,1,a7ada85e,/content/corpus/protocols/1939/prot-1939--fk--16.xml,0
UUSMANN (s),0,,/content/corpus/protocols/199495/prot-199495--111.xml,1
Anf. 76 Utbildningsminister GUSTAV FRIDOLIN (MP),0,,/content/corpus/protocols/201718/prot-201718--81.xml,1
Anf. 92 GUDRUN NORDBORG (V) replik,0,,/content/corpus/protocols/202122/prot-202122--29.xml,1
"Statsrådet BRITT MOGÅRD: Herr talman! Jag vill bara påpeka att
              Lennart Bladh argumenterar mot ett förslag från UHÄ, inte mot
              mig.",0,3790ca46,/content/corpus/protocols/197980/prot-197980--24.xml,1
Anf. 78 CARL-OSKAR BOHLIN (M) replik,0,,/content/corpus/protocols/201920/prot-201920--140.xml,1
Anf. 140 MARIA GARDFJELL (MP) replik,0,,/content/corpus/protocols/201819/prot-201819--34.xml,1
Anf. 26 Statsrådet ANDERS YGEMAN (S),0,,/content/corpus/protocols/201920/prot-201920--15.xml,1
SON (s):,0,,/content/corpus/protocols/200203/prot-200203--62.xml,1
Anf. 95 MARLENE BURWICK (S),0,,/content/corpus/protocols/201920/prot-201920--17.xml,1
Anf. 52 CECILIA WIDEGREN (M) replik,0,,/content/corpus/protocols/201617/prot-201617--47.xml,1
Anf. 147 DAN ERIKSSON i Stockholm (nyd):,0,,/content/corpus/protocols/199192/prot-199192--98.xml,1
SON (s):,0,,/content/corpus/protocols/200203/prot-200203--21.xml,1
Anf. 88 ANNA WALLENTHEIM (S),0,,/content/corpus/protocols/201516/prot-201516--62.xml,1
"som jag nu åberopar och inga andra. Man kunde få uppfattningen
            att det vi Prot. 1987/88:",1,410a764f,/content/corpus/protocols/198788/prot-198788--94.xml,0
Anf. 171 Kommunikationsminister MATS,0,,/content/corpus/protocols/199394/prot-199394--28.xml,1
"Statsrådet fru ODHNOFF, som yttrade:",0,defc50d1,/content/corpus/protocols/1970/prot-1970--ak--25.xml,1
Anf. 16 MOMODOU MALCOLM JALLOW (V),0,,/content/corpus/protocols/201819/prot-201819--60.xml,1
SON (s):,0,,/content/corpus/protocols/200203/prot-200203--117.xml,1
"Herr statsrådet och chefen för ecklesiastikdepartementet PALME
            erhöll ordet för att besvara herr Lidgards (h) fråga om åtgärder
            för att begränsa disciplinproblemen vid skolorna, vilken fråga
            intagits i kammarens protokoll för den 17 oktober, och anförde:",0,f286340a,/content/corpus/protocols/1967/prot-1967-hÃ¶st-fk--38.xml,1
"1991/92:165 av Gullan Lindblad (m) till utbildningsministern
            om laboratorieassistentutbildningen:",1,,/content/corpus/protocols/199192/prot-199192--29.xml,0
"632 av Per Gahrton (mp) till socialministern om resultatet av
            vissa överläggningar mellan EFTA och EG om bioteknik:",1,889a65e3,/content/corpus/protocols/198889/prot-198889--110.xml,0
Anf. 142 GUNNAR BIÖRCK i Värmdö (m):,0,af4c0bf7,/content/corpus/protocols/198586/prot-198586--38.xml,1
"Chefen för kommunikationsdepartementet, herr statsrådet SKOGLUND,
            som yttrade:",0,bd7bb612,/content/corpus/protocols/1963/prot-1963--ak--4.xml,1
Anf. 164 JOHN WIDEGREN (M) replik,0,,/content/corpus/protocols/201819/prot-201819--101.xml,1
1988/89:,1,52f99a15,/content/corpus/protocols/198889/prot-198889--29.xml,0
"42 av Carl Frick (mp) till miljöoch energiministern om internationella
            avtal på miljöområdet:",1,49c2472e,/content/corpus/protocols/198990/prot-198990--19.xml,0
Anf. 7 PER-INGVAR JOHNSSON (C),0,,/content/corpus/protocols/201718/prot-201718--8.xml,1
Anf. 230 EVA-LENA JANSSON (S) replik,0,,/content/corpus/protocols/202122/prot-202122--42.xml,1
Anf. 72 Statsrådet INGEGERD WÄRNERS-,0,,/content/corpus/protocols/200001/prot-200001--113.xml,1
Anf. 86 JOHAN BÜSER (S) replik,0,,/content/corpus/protocols/201415/prot-201415--94.xml,1
(m):,0,,/content/corpus/protocols/199293/prot-199293--40.xml,1
Anf. 145 JIMMY STÅHL (SD),0,,/content/corpus/protocols/201617/prot-201617--101.xml,1
Anf. 2 Förste vice talman PER WESTER-,0,,/content/corpus/protocols/200203/prot-200203--97.xml,1
Anf. 23 NILS FREDRIK AURELIUS (m),0,,/content/corpus/protocols/200102/prot-200102--53.xml,1
"Anf. 38 Finansminister KJELL-OLOF FELDT: Herr talman! Jag vet
              inte vad Bo Lundgren menade med att det är mellan 4 och 7 26 som
              de 13 miljarderna dyker upp. Det är den totala lönekostnadsökning
              som enligt offentliga redovisningar skulle följa av de kommunala
              avtalen. Om kommunerna räknat med 10 96 för de här båda åren eller
              vad de kan ha räknat med spelar mindre roll. Att avtalen kommer
              att överstiga 4 90 är inte det som konstituerar en utgiftsökning
              på 13 miljarder, utan det är den 87 totala lönekostnadsökningen.",0,ae1403f2,/content/corpus/protocols/198788/prot-198788--108.xml,1
PERSSON (s),0,,/content/corpus/protocols/199495/prot-199495--76.xml,1
Anf. 86 PER ÅSLING (C),0,,/content/corpus/protocols/201516/prot-201516--61.xml,1
Anf. 126 KERSTIN-MARIA STA-,0,,/content/corpus/protocols/200102/prot-200102--109.xml,1
Anf. 89 Näringsminister BJÖRN ROSEN-,0,,/content/corpus/protocols/19992000/prot-19992000--126.xml,1
kort genmäle:,1,a27b6b90,/content/corpus/protocols/197778/prot-197778--112.xml,0
1983/84:,1,1795f72e,/content/corpus/protocols/198384/prot-198384--39.xml,0
(c):,0,,/content/corpus/protocols/199091/prot-199091--112.xml,1
Anf. 186 ULRIKA CARLSSON i Skövde (c) replik:,0,,/content/corpus/protocols/200708/prot-200708--74.xml,1
Anf. 97 Utbildningsminister PER UNCKEL,0,,/content/corpus/protocols/199293/prot-199293--76.xml,1
"Herr Lin'dblad: Herr talman! Jag begärde ordet i anledning av
            herr statsrådets yttrande, att det här gällde anslag till landningsplat-",0,136eb557,/content/corpus/protocols/1921/prot-1921--fk--39.xml,1
"Herr inrikesministern HOLMQVIST erhöll ordet för att besvara
            herr Werners i Tyresö (vpk) den 15 oktober framställda interpellation,
            nr 160, och anförde:",0,aa2f8293,/content/corpus/protocols/1971/prot-1971--125.xml,1
1977/78:,1,a8d3268a,/content/corpus/protocols/197778/prot-197778--57.xml,0
Anf. 12 Miljö- och klimatminister PER BOLUND (MP),0,,/content/corpus/protocols/202122/prot-202122--10.xml,1
Herr andre vice talmannen:,1,6e3e760e,/content/corpus/protocols/1933/prot-1933--fk--22.xml,0
Anf. 46 LARS ADAKTUSSON (KD) replik,0,,/content/corpus/protocols/202021/prot-202021--158.xml,1
Herr statsrådet Quensel avlämnade Kungl. Maj:,1,2cc8f5fd,/content/corpus/protocols/1948/prot-1948-hÃ¶st-fk--33.xml,0
"Herr inrikesministern HOLMQVIST erhöll ordet för att besvara
            herr Stridsmans (c) i kammarens protokoll för den 23 januari intagna
            fråga, nr 47, och anförde:",0,81a99f39,/content/corpus/protocols/1973/prot-1973--20.xml,1
Anf. 119 PATRIK BJÖRCK (S) replik,0,,/content/corpus/protocols/201415/prot-201415--75.xml,1
Anf. 103 CHRISTER WINDÉN (nyd),0,,/content/corpus/protocols/199293/prot-199293--113.xml,1
Herr statsrådet Wigforss avlämnade Kungl. Maj:,1,0f02bff4,/content/corpus/protocols/1925/prot-1925--fk--15.xml,0
Anf. 168 RASMUS LING (MP) replik,0,,/content/corpus/protocols/201617/prot-201617--93.xml,1
Anf. 97 MATHIAS TEGNÉR (S),0,,/content/corpus/protocols/201617/prot-201617--109.xml,1
Anf. 22 Statsrådet MORGAN JOHANS-,0,,/content/corpus/protocols/200203/prot-200203--50.xml,1
"CarlGustaf: Jag ber att få säga, att jag, när jag väckte denna
              motion, trodde fullt och fast, att den utan strid om saken skulle
              godkännas. De skäl, som förelågo för ett bifall, voro nämligen
              enligt min mening synnerligen goda. Såg man på vad som hade föregått
              förslagets framställande, på hela det historiska sammanhanget
              om jag så får uttrycka mig, så talade allt för att ett bifall
              till motionen skulle vinnas utan strid i riksdagen.",0,3f14e2a7,/content/corpus/protocols/1921/prot-1921--fk--26.xml,1
"Chefen för jordbruksdepartementet, herr statsrådet Pehrsson-Bramstorp,
              som yttrade: Herr talman! Med andra kammarens tillstånd har herr
              Wallén till mig riktat följande fråga:",0,2bdd0096,/content/corpus/protocols/1941/prot-1941--ak--40.xml,1
THALÉN (s),0,,/content/corpus/protocols/199495/prot-199495--113.xml,1
Anf. 59 Statsrådet MIKAEL DAMBERG (S),0,,/content/corpus/protocols/201819/prot-201819--63.xml,1
(fp):,0,,/content/corpus/protocols/199293/prot-199293--100.xml,1
Anf. 64 BIRGITTA OHLSSON (FP),0,,/content/corpus/protocols/201516/prot-201516--3.xml,1
herr Sjöblom:,1,72b4a526,/content/corpus/protocols/1924/prot-1924--ak--4.xml,0
Anf. 42 HELENA LINDAHL (C) replik,0,,/content/corpus/protocols/202122/prot-202122--12.xml,1
Anf. 156 Kommunikationsminister MATS,0,,/content/corpus/protocols/199394/prot-199394--38.xml,1
VALL (s) replik:,0,,/content/corpus/protocols/19992000/prot-19992000--101.xml,1
Anf. 118 JAN ERICSON (M),0,,/content/corpus/protocols/201718/prot-201718--136.xml,1
Anf. 172 GUSTAV FRIDOLIN (mp),0,,/content/corpus/protocols/200203/prot-200203--66.xml,1
Anf. 6 DANIEL ANDERSSON (S),0,,/content/corpus/protocols/202021/prot-202021--75.xml,1
"Ordet lämnades på begäran till Svar å Chefen för handelsdepartementet,
            herr statsrådet Ekman, som anförde: Herr Uäterballölton. talman!
            Med andra kammarens tillstånd har herr Lundqvist till mig framfört",0,1e921206,/content/corpus/protocols/1936/prot-1936--ak--20.xml,1
Anf. 50 HELENE PETERSSON i Stockaryd (S) replik,0,,/content/corpus/protocols/201516/prot-201516--46.xml,1
THAM (s):,0,,/content/corpus/protocols/199798/prot-199798--29.xml,1
Anf. 53 ROGER RICHTOFF (SD),0,,/content/corpus/protocols/201819/prot-201819--56.xml,1
KE (s) replik:,0,,/content/corpus/protocols/200203/prot-200203--75.xml,1
"Herr inrikesministern HOLMQVIST erhöll ordet för att besvara
            herr Wikners (s) i kammarens protokoll för den 3 mars intagna
            fråga, nr 100, och anförde:",0,44b6d61c,/content/corpus/protocols/1971/prot-1971--41.xml,1
Herr GREBÄCK (c) kort genmäle,0,e0acaeaf,/content/corpus/protocols/1972/prot-1972--145.xml,1
1986/87:,1,9f39e8ec,/content/corpus/protocols/198687/prot-198687--89.xml,0
Anf. 24 EMIL KÄLLSTRÖM (C) replik,0,,/content/corpus/protocols/201718/prot-201718--125.xml,1
"Herr handelsministern FELDT erhöll ordet för att besvara fru
            Nordlanders (vpk) den 28 februari anmälda fråga, nr 102, och anförde:",0,2125b9b6,/content/corpus/protocols/1975/prot-1975--42.xml,1
"108 av Rune Gustavsson (c) till försvarsministern om åtgärder
            för att motverka narkotikamissbruk vid militära förband:",1,f3948d92,/content/corpus/protocols/198081/prot-198081--93.xml,0
Anf. 25 Statsminister STEFAN LÖFVEN (S),0,,/content/corpus/protocols/201617/prot-201617--89.xml,1
Anf. 28 CARL SCHLYTER (MP),0,,/content/corpus/protocols/201718/prot-201718--32.xml,1
Herr statsrådet Ekman avlämnade Kungl. Maj:,1,cdf1f84e,/content/corpus/protocols/1933/prot-1933--fk--39.xml,0
Anf. 39 KENT HÄRSTEDT (S) replik,0,,/content/corpus/protocols/201718/prot-201718--51.xml,1
Anf. 40 Utbildningsminister LENA HJELM-WALLÉN:,0,f5212f9d,/content/corpus/protocols/198384/prot-198384--140.xml,1
"Herr GUSTAFSSON, NILS-ERIC, (cp):",0,0fefce66,/content/corpus/protocols/1969/prot-1969--fk--17.xml,1
(kds):,0,,/content/corpus/protocols/199293/prot-199293--35.xml,1
"Greve Wachtmeister: Om man känner till hushållningssällskapens
              verksamhet och affärsställning, måste man nog utgå från att alla
              hushållningssällskap innerligt väl behöva detta extra bidrag av
              218,000 kronor. Det har nu framhållits, att affärsställningen
              är mycket olika i olika hushållningssällskap och det är alldeles
              sant, beroende dels på, att inom en del hushållningssällskap man
              varit mindre sparsam, och dels på, att inom vissa sällskap funnits
              donationer. Det är nog så, att",0,56c18e73,/content/corpus/protocols/1921/prot-1921--fk--28.xml,1
Anf. 35 PATRIK BJÖRCK (S),0,,/content/corpus/protocols/201415/prot-201415--88.xml,1
"Herr Pehrsson-Bramstorp erhöll på begäran ordet för kort genmäle
              och anförde: Herr talman! Som slutkläm skulle jag vilja säga,
              att jag aldrig har yttrat mig om huruvida trävarubolagen ha råd
              att betala de höga priserna på råvaror och rundvirke. Men den
              saken avgöra de väl själva, ty ingen tvingar dem att köpa. Anse
              de själva att de ha råd att betala dessa priser, då är väl den
              färdiga varan för högt prissatt eller säljes till för högt pris
              i utlandet. Jag förstod det emellertid som om herr Jonsson i Skutskär
              med sitt fullt logiska och ekonomiskt klara resonemang menade,
              att bolagen med de höga priserna på råvaror och rundvirke inte
              kunna betala industriarbetarna så mycket, som de skulle önska.
              Det är där meningsskiljaktigheterna ligga mellan industriarbetarna
              och skogsarbetarna. Ty det är ju ändå inte uteslutande rotvärdet
              det gäller, utan även bearbetningen och transporten av varan från
              skogen till fabrikerna.",0,a8799387,/content/corpus/protocols/1947/prot-1947--ak--2.xml,1
Anf. 50 ROGER HADDAD (L),0,,/content/corpus/protocols/201819/prot-201819--89.xml,1
Anf. 115 PATRICK RESLOW (-),0,,/content/corpus/protocols/201718/prot-201718--101.xml,1
Anf. 78 Statsrådet MAJ-INGER KLING-,0,,/content/corpus/protocols/199899/prot-199899--67.xml,1
Anf. 79 Försvarsminister THAGE G,0,,/content/corpus/protocols/199596/prot-199596--89.xml,1
"142 av Pär Granstedt (c) till utrikesministern om garantier mot
            uranimport från Sydafrika och Namibia:",1,21d50560,/content/corpus/protocols/197980/prot-197980--84.xml,0
Anf. 36 Statsminister STEFAN LÖFVEN (S),0,,/content/corpus/protocols/201920/prot-201920--99.xml,1
"463 av Elvy Nilsson (s) till industriministern om verksamheten
            vid Pripps Bryggeri i Torsby:",1,3dbd33c6,/content/corpus/protocols/197879/prot-197879--114.xml,0
Anf. 26 HANS PETERSSON i Röstånga (fp) replik:,0,4f28e933,/content/corpus/protocols/198586/prot-198586--113.xml,1
"Statsrådet fru ODHNOFF, som yttrade:",0,b2de2b13,/content/corpus/protocols/1968/prot-1968-hÃ¶st-ak--33.xml,1
Anf. 63 Statsrådet SVEN-ERIK BUCHT (S),0,,/content/corpus/protocols/201516/prot-201516--110.xml,1
Anf. 63 HENRIK VINGE (SD),0,,/content/corpus/protocols/201819/prot-201819--68.xml,1
Anf. 71 Statsrådet ANNA JOHANSSON (S),0,,/content/corpus/protocols/201617/prot-201617--93.xml,1
Anf. 7 Näringsminister IBRAHIM BAYLAN (S),0,,/content/corpus/protocols/202122/prot-202122--26.xml,1
Anf. 3 JONAS JACOBSSON GJÖRTLER (M),0,,/content/corpus/protocols/201415/prot-201415--87.xml,1
Anf. 30 ANDREAS CARLSON (KD) replik,0,,/content/corpus/protocols/201617/prot-201617--52.xml,1
Anf. 168 LARS-AXEL NORDELL (KD),0,,/content/corpus/protocols/201415/prot-201415--28.xml,1
Kommunikationsministern BO TURESSON:,0,825aa88b,/content/corpus/protocols/197778/prot-197778--104.xml,1
Anf. 41 Statsrådet LEIF BLOMBERG (s),0,,/content/corpus/protocols/199495/prot-199495--98.xml,1
Anf. 9 TOBIAS ANDERSSON (SD),0,,/content/corpus/protocols/201920/prot-201920--138.xml,1
DÉN (s):,0,,/content/corpus/protocols/200001/prot-200001--17.xml,1
TAM (s):,0,,/content/corpus/protocols/200102/prot-200102--32.xml,1
Anf. 91 Statsrådet ANDERS YGEMAN (S),0,,/content/corpus/protocols/201415/prot-201415--28.xml,1
Anf. 63 Arbetsmarknadsminister BÖRJE,0,,/content/corpus/protocols/199192/prot-199192--25.xml,1
1975/76:,1,4fab137c,/content/corpus/protocols/197576/prot-197576--35.xml,0
"2 av Carl Frick (mp) till statsrådet Maj-Lis Lööw om behandlingen
            av utvisningsärenden rörande barn:",1,df1ff43c,/content/corpus/protocols/198990/prot-198990--1.xml,0
Statsrådet INGEGERD TROEDSSON:,0,354a4c20,/content/corpus/protocols/197778/prot-197778--12.xml,1
Anf. 167 ELISABETH BJÖRNSDOTTER RAHM (M),0,,/content/corpus/protocols/202021/prot-202021--46.xml,1
"y1 > c15,3,9,11.5 > 1990/91:567 av Alf Wennerfors (m) till socialministern
            om alkoholpolitiken:",1,,/content/corpus/protocols/199091/prot-199091--103.xml,0
Anf. 112 HELÉN PETTERSSON i Umeå (s) replik:,0,,/content/corpus/protocols/200910/prot-200910--23.xml,1
Anf. 17 ANDREAS CARLSON (KD),0,,/content/corpus/protocols/201718/prot-201718--52.xml,1
Anf. 10 Socialminister INGELA,0,,/content/corpus/protocols/199596/prot-199596--60.xml,1
Anf. 136 ERIK BENGTZBOE (M),0,,/content/corpus/protocols/201718/prot-201718--132.xml,1
"243 av Elis Andersson (c) till jordbruksministern om fortsatt
            bemanning av fyren på Svenska Högarna:",1,a7176f97,/content/corpus/protocols/198384/prot-198384--45.xml,0
Anf. 40 EMMA HULT (MP) replik,0,,/content/corpus/protocols/201718/prot-201718--39.xml,1
"1990/91:577 av Bengt Harding Olson (fp) till justitieministern
            om översyn av rättsläget i visst slags brottmål:",1,,/content/corpus/protocols/199091/prot-199091--105.xml,0
SUNDSTRÖM (s),0,,/content/corpus/protocols/199495/prot-199495--55.xml,1
Fru HANSSON ts):,0,17461eca,/content/corpus/protocols/197677/prot-197677--114.xml,1
1990/91:97 av Berith Eriksson (v) till utrikesministern om Turkiet:,1,,/content/corpus/protocols/199091/prot-199091--26.xml,0
Anf. 79 SULTAN KAYHAN (S),0,,/content/corpus/protocols/201920/prot-201920--21.xml,1
Anf. 1 Justitieminister LAILA,0,,/content/corpus/protocols/199495/prot-199495--85.xml,1
Anf. 62 ANETTE ÅKESSON (M),0,,/content/corpus/protocols/201516/prot-201516--36.xml,1
1988/89:,1,01d6a898,/content/corpus/protocols/198889/prot-198889--34.xml,0
(m):,0,,/content/corpus/protocols/199394/prot-199394--104.xml,1
"Herr socialministern ASPLING erhöll ordet för att besvara herr
            Nordgrens (m) i kammarens protokoll för den 7 december intagna
            fråga, nr 370, och anförde:",0,86ee783a,/content/corpus/protocols/1973/prot-1973--156.xml,1
:,1,455fe20f,/content/corpus/protocols/198182/prot-198182--162.xml,0
Industriministern ERIK HUSS:,0,9676bd09,/content/corpus/protocols/197879/prot-197879--59.xml,1
Anf. 26 MAGNUS OSCARSSON (KD),0,,/content/corpus/protocols/201415/prot-201415--104.xml,1
Anf. 40 Arbetsmarknadsminister YLVA JOHANSSON (S),0,,/content/corpus/protocols/201516/prot-201516--56.xml,1
Anf. 36 HELENA LINDAHL (C),0,,/content/corpus/protocols/201516/prot-201516--20.xml,1
(c):,0,,/content/corpus/protocols/199293/prot-199293--90.xml,1
Anf. 145 ANN-MARIE FAGERSTRÖM (s),0,,/content/corpus/protocols/200001/prot-200001--40.xml,1
Arbetsmarknadsministern ROLF WIRTÉN:,0,33c88452,/content/corpus/protocols/197879/prot-197879--64.xml,1
Anf. 40 Utrikesminister ANN LINDE (S),0,,/content/corpus/protocols/202021/prot-202021--144.xml,1
Vidare anförde Herr JÖNSSON i (fp):,0,b37d8406,/content/corpus/protocols/1963/prot-1963--ak--23.xml,1
Anf. 42 Finansminister MAGDALENA ANDERSSON (S),0,,/content/corpus/protocols/201516/prot-201516--98.xml,1
Anf. 47 Finansminister MAGDALENA ANDERSSON (S),0,,/content/corpus/protocols/201819/prot-201819--59.xml,1
Anf. 122 KENNETH G FORSLUND (S),0,,/content/corpus/protocols/201920/prot-201920--73.xml,1
1975/76:,1,b3b906b4,/content/corpus/protocols/197576/prot-197576--5.xml,0
Anf. 35 Utbildningsminister LENA HJELM-WALLÉN:,0,76daa9a5,/content/corpus/protocols/198485/prot-198485--143.xml,1
Anf. 140 MAJLÉNE WESTERLUND PAN-,0,,/content/corpus/protocols/200102/prot-200102--101.xml,1
Anf. 142 MATTIAS OTTOSSON (S) replik,0,,/content/corpus/protocols/201718/prot-201718--45.xml,1
Anf. 106 MARIA ANDERSSON WILLNER (S) replik,0,,/content/corpus/protocols/201617/prot-201617--100.xml,1
Herr LUNDGREN (h) erhöll på begäran ordet och anförde:,0,9e6eaee6,/content/corpus/protocols/1954/prot-1954-hÃ¶st-fk--28.xml,1
Anf. 166 ANNIKA ÅHNBERG (-) replik:,0,,/content/corpus/protocols/199394/prot-199394--6.xml,1
Anf. 5 ANNIE LÖÖF (C),0,,/content/corpus/protocols/202021/prot-202021--63.xml,1
av herr Åkerlund (h) till herr statsrådet och chefen för kommunikationsdepartementet:,1,b56ca0f4,/content/corpus/protocols/1964/prot-1964--fk--22.xml,0
"Anf. 51 Finansminister KJELL-OLOF FELDT: Herr talman! Jag skall
              svara Erik Hovhammar: Nej, det tycker jag inte.",0,2541cb0a,/content/corpus/protocols/198586/prot-198586--27.xml,1
""" Ordet lämnades härefter till herr andre vice talmannen, som
            yttrade: Jag hemställer, att kammaren måtte besluta, att antalet
            suppleanter, som skola utses vid det nu beslutade valet, bestämmes
            till tio.",0,9e07072d,/content/corpus/protocols/1923/prot-1923--fk--18.xml,1
Anf. 31 MAGNUS PERSSON (SD) replik,0,,/content/corpus/protocols/201415/prot-201415--42.xml,1
Anf. 27 Statsrådet ARDALAN SHEKARABI (S),0,,/content/corpus/protocols/201617/prot-201617--22.xml,1
Anf. 23 ALEXANDRA ANSTRELL (M),0,,/content/corpus/protocols/202021/prot-202021--73.xml,1
Hans excellens herr statsministern ERLANDER:,0,4cf7418d,/content/corpus/protocols/1968/prot-1968--ak--21.xml,1
Anf. 42 SOFIA ARKELSTEN (M) replik,0,,/content/corpus/protocols/201516/prot-201516--45.xml,1
Anf. 146 BÖRJE VESTLUND (S) replik,0,,/content/corpus/protocols/201415/prot-201415--86.xml,1
SON (s):,0,,/content/corpus/protocols/200203/prot-200203--113.xml,1
Anf. 7 MATS WIKING (S) replik,0,,/content/corpus/protocols/202021/prot-202021--79.xml,1
Anf. 13 ANNIKA NORDGREN (mp) replik,0,,/content/corpus/protocols/199495/prot-199495--103.xml,1
Anf. 186 ROGER HADDAD (L),0,,/content/corpus/protocols/201718/prot-201718--131.xml,1
Anf. 15 LOTTA FINSTORP (M),0,,/content/corpus/protocols/201920/prot-201920--45.xml,1
Anf. 17 Socialminister INGELA THALÉN,0,,/content/corpus/protocols/199091/prot-199091--28.xml,1
Anf. 27 Förste vice talman PER WESTER-,0,,/content/corpus/protocols/200203/prot-200203--73.xml,1
Anf. 89 INGER SEGELSTRÖM (s) replik,0,,/content/corpus/protocols/199596/prot-199596--76.xml,1
"till behandling av lagutskott propositionen, nr 77, med förslag
            till lag om ändrad lydelse av $ 34 mom. 4 värnpliktslagen den
            12 juni 1925 (nr 337):",1,ee668750,/content/corpus/protocols/1927/prot-1927--ak--7.xml,0
INGEMUND BENGTSSON fs):,0,715229be,/content/corpus/protocols/197778/prot-197778--45.xml,1
Anf. 35 Utbildningsminister GUSTAV FRIDOLIN (MP),0,,/content/corpus/protocols/201516/prot-201516--54.xml,1
"Anf. 21 Arbetsmarknads- och etableringsminister YLVA JOHANSSON
            (S) replik",0,,/content/corpus/protocols/201617/prot-201617--100.xml,1
Anf. 26 Statsrådet ULF DINKELSPIEL,0,,/content/corpus/protocols/199293/prot-199293--95.xml,1
Anf. 101 Finansminister MAGDALENA ANDERSSON (S),0,,/content/corpus/protocols/201718/prot-201718--32.xml,1
Anf. 35 Försvarsminister PETER HULTQVIST (S),0,,/content/corpus/protocols/201718/prot-201718--113.xml,1
Anf. 97 Justitie- och migrationsminister MORGAN JOHANSSON (S),0,,/content/corpus/protocols/201617/prot-201617--77.xml,1
Anf. 100 THOMAS MORELL (SD) replik,0,,/content/corpus/protocols/202122/prot-202122--42.xml,1
Anf. 57 DANIEL BÄCKSTRÖM (C) replik,0,,/content/corpus/protocols/201617/prot-201617--56.xml,1
SON (s):,0,,/content/corpus/protocols/200001/prot-200001--61.xml,1
Anf. 7 Försvarsminister PETER HULTQVIST (S),0,,/content/corpus/protocols/201516/prot-201516--126.xml,1
Anf. 73 SOFIA FÖLSTER (M),0,,/content/corpus/protocols/201516/prot-201516--110.xml,1
Anf. 93 NOOSHI DADGOSTAR (V),0,,/content/corpus/protocols/201617/prot-201617--43.xml,1
(kds):,0,,/content/corpus/protocols/199293/prot-199293--10.xml,1
herr Waldén:,1,765d1d08,/content/corpus/protocols/1924/prot-1924--ak--4.xml,0
Anf. 146 BENGT ELIASSON (FP),0,,/content/corpus/protocols/201415/prot-201415--42.xml,1
"Herr Anderson i Råstock sade, att Kungl. Maj:",1,e698a2d1,/content/corpus/protocols/1923/prot-1923--ak--32.xml,0
OLLE WÄSTBERG i Stockholm (fp):,0,f7c40a29,/content/corpus/protocols/197980/prot-197980--106.xml,1
Anf. 56 BIRGER LAHTI (V),0,,/content/corpus/protocols/201718/prot-201718--47.xml,1
PETERSON (s),0,,/content/corpus/protocols/199495/prot-199495--85.xml,1
Anf. 42 Justitieminister GUN HELLSVIK,0,,/content/corpus/protocols/199394/prot-199394--22.xml,1
Anf. 70 HANS ROTHENBERG (M),0,,/content/corpus/protocols/202021/prot-202021--122.xml,1
Anf. 13 KATARINA BRÄNNSTRÖM (M) replik,0,,/content/corpus/protocols/201415/prot-201415--42.xml,1
HOLM (s):,0,,/content/corpus/protocols/19992000/prot-19992000--89.xml,1
Anf. 30 Försvarsminister ANDERS BJÖRCK,0,,/content/corpus/protocols/199293/prot-199293--110.xml,1
Budgetministern INGEMAR MUNDEBO:,0,098bcaca,/content/corpus/protocols/197778/prot-197778--29.xml,1
Anf. 92 MARIA GARDFJELL (MP) replik,0,,/content/corpus/protocols/201819/prot-201819--32.xml,1
Anf. 127 Statsrådet MÄRTA STENEVI (MP),0,,/content/corpus/protocols/202021/prot-202021--109.xml,1
Anf. 33 ÅSA LINDESTAM (S) replik,0,,/content/corpus/protocols/201415/prot-201415--39.xml,1
Anf. 32 Justitie- och migrationsminister MORGAN JOHANSSON (S),0,,/content/corpus/protocols/202021/prot-202021--26.xml,1
GREN (s):,0,,/content/corpus/protocols/200102/prot-200102--51.xml,1
